[{"web_pages":["http://www.adamson.edu.ph/"],"name":"Adamson University","alpha_two_code":"PH","state-province":null,"domains":["adamson.edu.ph"],"country":"Philippines"},{"web_pages":["http://www.addu.edu.ph/"],"name":"Ateneo de Davao University","alpha_two_code":"PH","state-province":"Davao del Sur","domains":["addu.edu.ph"],"country":"Philippines"},{"web_pages":["http://www.admu.edu.ph/"],"name":"Ateneo de Manila University","alpha_two_code":"PH","state-province":null,"domains":["admu.edu.ph"],"country":"Philippines"},{"web_pages":["http://www.adnu.edu.ph/"],"name":"Ateneo de Naga University","alpha_two_code":"PH","state-province":"National Capital Region","domains":["adnu.edu.ph"],"country":"Philippines"},{"web_pages":["http://www.adzu.edu.ph/"],"name":"Ateneo de Zamboanga University","alpha_two_code":"PH","state-province":"Zamboanga del Sur","domains":["adzu.edu.ph"],"country":"Philippines"},{"web_pages":["http://www.aquinas-university.edu/"],"name":"Aquinas University","alpha_two_code":"PH","state-province":"Bicol","domains":["aquinas-university.edu"],"country":"Philippines"},{"web_pages":["http://www.araneta.dlsu.edu.ph/"],"name":"De La Salle University, Araneta","alpha_two_code":"PH","state-province":"National Capital Region","domains":["araneta.dlsu.edu.ph"],"country":"Philippines"},{"web_pages":["http://www.arellano.edu.ph/"],"name":"Arellano University","alpha_two_code":"PH","state-province":"National Capital Region","domains":["arellano.edu.ph"],"country":"Philippines"},{"web_pages":["http://www.auf.edu.ph/"],"name":"Angeles University","alpha_two_code":"PH","state-province":"Central Luzon","domains":["auf.edu.ph"],"country":"Philippines"},{"web_pages":["http://www.aup.edu.ph/"],"name":"Adventist University of the Philippines","alpha_two_code":"PH","state-province":"Calabarzon","domains":["aup.edu.ph"],"country":"Philippines"},{"web_pages":["http://www.aupen.edu.ph/"],"name":"Araullo University","alpha_two_code":"PH","state-province":"Central Luzon","domains":["aupen.edu.ph"],"country":"Philippines"},{"web_pages":["http://www.bicol-u.edu.ph/"],"name":"Bicol University","alpha_two_code":"PH","state-province":"Bicol","domains":["bicol-u.edu.ph"],"country":"Philippines"},{"web_pages":["http://www.bsu.edu.ph/"],"name":"Benguet State University","alpha_two_code":"PH","state-province":"Cordillera Administrative Region","domains":["bsu.edu.ph"],"country":"Philippines"},{"web_pages":["http://www.bulsu.edu.ph/"],"name":"Bulacan State University","alpha_two_code":"PH","state-province":"Central Luzon","domains":["bulsu.edu.ph"],"country":"Philippines"},{"web_pages":["http://www.ceu.edu.ph/"],"name":"Centro Escolar University","alpha_two_code":"PH","state-province":"National Capital Region","domains":["ceu.edu.ph"],"country":"Philippines"},{"web_pages":["http://www.cmu.edu.ph/"],"name":"Central Mindanao University","alpha_two_code":"PH","state-province":"Northern Mindanao","domains":["cmu.edu.ph"],"country":"Philippines"},{"web_pages":["http://www.cpuic.edu/"],"name":"Central Philippine University","alpha_two_code":"PH","state-province":"Western Visayas","domains":["cpuic.edu"],"country":"Philippines"},{"web_pages":["http://www.csu.edu.ph/"],"name":"Cagayan State University","alpha_two_code":"PH","state-province":"Cagayan Valley","domains":["csu.edu.ph"],"country":"Philippines"},{"web_pages":["http://www.cu-cdo.edu.ph/"],"name":"Capitol University","alpha_two_code":"PH","state-province":"Cagayan Valley","domains":["cu-cdo.edu.ph"],"country":"Philippines"},{"web_pages":["http://www.davaodoctors.edu.ph/"],"name":"Davao Doctors College","alpha_two_code":"PH","state-province":"Davao del Sur","domains":["davaodoctors.edu.ph"],"country":"Philippines"},{"web_pages":["http://www.dlsu.edu.ph/"],"name":"De La Salle University","alpha_two_code":"PH","state-province":"National Capital Region","domains":["dlsu.edu.ph"],"country":"Philippines"},{"web_pages":["http://www.dmmmsu.edu.ph/"],"name":"Don Mariano Marcos Memorial State University","alpha_two_code":"PH","state-province":"Ilocos","domains":["dmmmsu.edu.ph"],"country":"Philippines"},{"web_pages":["http://www.dwc-legazpi.edu/"],"name":"Divine Word College of Legazpi","alpha_two_code":"PH","state-province":"Bicol","domains":["dwc-legazpi.edu"],"country":"Philippines"},{"web_pages":["http://www.fatima.edu.ph/"],"name":"Our Lady of Fatima University","alpha_two_code":"PH","state-province":"National Capital Region","domains":["fatima.edu.ph"],"country":"Philippines"},{"web_pages":["http://www.featiu.edu.ph/"],"name":"Feati University","alpha_two_code":"PH","state-province":"National Capital Region","domains":["featiu.edu.ph"],"country":"Philippines"},{"web_pages":["http://www.feu.edu.ph/"],"name":"Far Eastern University","alpha_two_code":"PH","state-province":"National Capital Region","domains":["feu.edu.ph"],"country":"Philippines"},{"web_pages":["http://www.foundationu.com/"],"name":"Foundation University","alpha_two_code":"PH","state-province":"Central Visayas","domains":["foundationu.com"],"country":"Philippines"},{"web_pages":["http://www.hau.edu.ph/"],"name":"Holy Angel University","alpha_two_code":"PH","state-province":"Central Luzon","domains":["hau.edu.ph"],"country":"Philippines"},{"web_pages":["http://www.holyspirit.edu.ph/"],"name":"College of the Holy Spirit","alpha_two_code":"PH","state-province":"National Capital Region","domains":["holyspirit.edu.ph"],"country":"Philippines"},{"web_pages":["http://www.iacademy.ph/"],"name":"Information and Communications Technology Academy","alpha_two_code":"PH","state-province":"National Capital Region","domains":["iacademy.ph"],"country":"Philippines"},{"web_pages":["http://www.isu.edu.ph/"],"name":"Isabela State University","alpha_two_code":"PH","state-province":"Cagayan Valley","domains":["isu.edu.ph"],"country":"Philippines"},{"web_pages":["http://www.iubs.co.uk/"],"name":"Irish University Business School, Cebu","alpha_two_code":"PH","state-province":"Central Visayas","domains":["iubs.co.uk"],"country":"Philippines"},{"web_pages":["http://www.ldcu.edu.ph/"],"name":"Liceo de Cagayan University","alpha_two_code":"PH","state-province":"Northern Mindanao","domains":["ldcu.edu.ph"],"country":"Philippines"},{"web_pages":["http://www.letran.edu/"],"name":"Colegio de San Juan de Letran","alpha_two_code":"PH","state-province":"National Capital Region","domains":["letran.edu"],"country":"Philippines"},{"web_pages":["http://lnu.evis.net.ph/"],"name":"Leyte Normal University","alpha_two_code":"PH","state-province":"Eastern Visayas","domains":["lnu.evis.net.ph"],"country":"Philippines"},{"web_pages":["http://www.lpu.edu.ph/"],"name":"Lyceum of the Philippines University","alpha_two_code":"PH","state-province":"National Capital Region","domains":["lpu.edu.ph"],"country":"Philippines"},{"web_pages":["http://www.lsu-visca.edu.ph/"],"name":"Leyte State University","alpha_two_code":"PH","state-province":"Eastern Visayas","domains":["lsu-visca.edu.ph"],"country":"Philippines"},{"web_pages":["http://www.mcu.edu.ph/"],"name":"Manila Central University","alpha_two_code":"PH","state-province":"National Capital Region","domains":["mcu.edu.ph"],"country":"Philippines"},{"web_pages":["http://www.mlqu.edu.ph/"],"name":"Manuel L. Quezon University","alpha_two_code":"PH","state-province":"National Capital Region","domains":["mlqu.edu.ph"],"country":"Philippines"},{"web_pages":["http://www.mmsu.edu.ph/"],"name":"Mariano Marcos State University","alpha_two_code":"PH","state-province":"Ilocos","domains":["mmsu.edu.ph"],"country":"Philippines"},{"web_pages":["http://www.mseuf.edu.ph/"],"name":"Manuel S. Enverga University Foundation","alpha_two_code":"PH","state-province":"Calabarzon","domains":["mseuf.edu.ph"],"country":"Philippines"},{"web_pages":["http://www.msuiit.edu.ph/"],"name":"Mindanao State University - Iligan Institute of Technology","alpha_two_code":"PH","state-province":"Northern Mindanao","domains":["msuiit.edu.ph"],"country":"Philippines"},{"web_pages":["http://www.msumain.edu.ph/"],"name":"Mindanao State University","alpha_two_code":"PH","state-province":"Northern Mindanao","domains":["msumain.edu.ph"],"country":"Philippines"},{"web_pages":["http://www.mu.fapenet.org/"],"name":"Misamis University","alpha_two_code":"PH","state-province":"Northern Mindanao","domains":["mu.fapenet.org"],"country":"Philippines"},{"web_pages":["http://www.mvc.edu.ph/"],"name":"Mountain View College","alpha_two_code":"PH","state-province":"Northern Mindanao","domains":["mvc.edu.ph"],"country":"Philippines"},{"web_pages":["http://www.ndmu.edu.ph/"],"name":"Notre Dame of Marbel University","alpha_two_code":"PH","state-province":"Soccsksargen","domains":["ndmu.edu.ph"],"country":"Philippines"},{"web_pages":["http://www.ndu.fapenet.org/"],"name":"Notre Dame University","alpha_two_code":"PH","state-province":"Bangsamoro","domains":["ndu.fapenet.org"],"country":"Philippines"},{"web_pages":["http://www.neu.edu.ph/"],"name":"New Era University","alpha_two_code":"PH","state-province":"National Capital Region","domains":["neu.edu.ph"],"country":"Philippines"},{"web_pages":["http://www.nu.edu.ph/"],"name":"National University","alpha_two_code":"PH","state-province":"National Capital Region","domains":["nu.edu.ph"],"country":"Philippines"},{"web_pages":["http://www.nulaoag.com/"],"name":"Northwestern University of the Philippines","alpha_two_code":"PH","state-province":"Ilocos","domains":["nulaoag.com"],"country":"Philippines"},{"web_pages":["http://www.pcu.edu.ph/"],"name":"Philippine Christian University","alpha_two_code":"PH","state-province":"National Capital Region","domains":["pcu.edu.ph"],"country":"Philippines"},{"web_pages":["http://www.perpetualdalta.edu.ph/"],"name":"University of Perpetual Help, System Dalta","alpha_two_code":"PH","state-province":"National Capital Region","domains":["perpetualdalta.edu.ph"],"country":"Philippines"},{"web_pages":["http://www.plm.edu.ph/"],"name":"University of the City of Manila","alpha_two_code":"PH","state-province":"National Capital Region","domains":["plm.edu.ph"],"country":"Philippines"},{"web_pages":["http://www.pma.ph/"],"name":"Philippine Military Academy","alpha_two_code":"PH","state-province":"Cordillera Administrative Region","domains":["pma.ph"],"country":"Philippines"},{"web_pages":["http://www.pnumanila.com.ph/"],"name":"Philippine Normal University","alpha_two_code":"PH","state-province":"National Capital Region","domains":["pnumanila.com.ph"],"country":"Philippines"},{"web_pages":["http://www.psu.edu.ph/"],"name":"Pangasinan State University","alpha_two_code":"PH","state-province":"Ilocos","domains":["psu.edu.ph"],"country":"Philippines"},{"web_pages":["http://psu.palawan.edu.ph/"],"name":"Palawan State University","alpha_two_code":"PH","state-province":"Mimaropa","domains":["psu.palawan.edu.ph","psu-online.edu.ph"],"country":"Philippines"},{"web_pages":["http://www.pup.edu.ph/"],"name":"Polytechnic University of the Philippines","alpha_two_code":"PH","state-province":"National Capital Region","domains":["pup.edu.ph"],"country":"Philippines"},{"web_pages":["http://www.pwu.edu/"],"name":"Philippine Women's University","alpha_two_code":"PH","state-province":"National Capital Region","domains":["pwu.edu"],"country":"Philippines"},{"web_pages":["http://www.rtu.edu.ph/"],"name":"Rizal Technological University","alpha_two_code":"PH","state-province":"National Capital Region","domains":["rtu.edu.ph"],"country":"Philippines"},{"web_pages":["http://www.sanbeda.edu.ph/"],"name":"San Beda College","alpha_two_code":"PH","state-province":"National Capital Region","domains":["sanbeda.edu.ph"],"country":"Philippines"},{"web_pages":["http://www.slc-sflu.edu.ph/"],"name":"Saint Louis College","alpha_two_code":"PH","state-province":"Cordillera Administrative Region","domains":["slc-sflu.edu.ph"],"country":"Philippines"},{"web_pages":["http://www.slu.edu.ph/"],"name":"Saint Louis University","alpha_two_code":"PH","state-province":"Cordillera Administrative Region","domains":["slu.edu.ph"],"country":"Philippines"},{"web_pages":["http://www.smu.edu.ph/"],"name":"Saint Mary's University","alpha_two_code":"PH","state-province":"Cagayan Valley","domains":["smu.edu.ph"],"country":"Philippines"},{"web_pages":["http://www.spu.edu.ph/"],"name":"Saint Paul University","alpha_two_code":"PH","state-province":"National Capital Region","domains":["spu.edu.ph"],"country":"Philippines"},{"web_pages":["http://www.ssu.edu.ph/"],"name":"Samar State University","alpha_two_code":"PH","state-province":"Eastern Visayas","domains":["ssu.edu.ph"],"country":"Philippines"},{"web_pages":["http://www.su.edu.ph/"],"name":"Silliman University","alpha_two_code":"PH","state-province":"Central Visayas","domains":["su.edu.ph"],"country":"Philippines"},{"web_pages":["http://www.swu.edu.ph/"],"name":"Southwestern University","alpha_two_code":"PH","state-province":"Central Visayas","domains":["swu.edu.ph"],"country":"Philippines"},{"web_pages":["http://www.tup.edu.ph/"],"name":"Technological University of the Philippines","alpha_two_code":"PH","state-province":"Western Visayas","domains":["tup.edu.ph"],"country":"Philippines"},{"web_pages":["http://www.ua.edu.ph/"],"name":"University of the Assumption","alpha_two_code":"PH","state-province":"Central Luzon","domains":["ua.edu.ph"],"country":"Philippines"},{"web_pages":["http://www.uap.edu.ph/"],"name":"University of Asia and the Pacific","alpha_two_code":"PH","state-province":"National Capital Region","domains":["uap.edu.ph"],"country":"Philippines"},{"web_pages":["http://www.ubaguio.edu/"],"name":"University of Baguio","alpha_two_code":"PH","state-province":"Cordillera Administrative Region","domains":["ubaguio.edu"],"country":"Philippines"},{"web_pages":["http://www.ub.edu.ph/"],"name":"University of Batangas","alpha_two_code":"PH","state-province":"Calabarzon","domains":["ub.edu.ph"],"country":"Philippines"},{"web_pages":["http://www.uc-bcf.edu.ph/"],"name":"University of the Cordilleras","alpha_two_code":"PH","state-province":"Cordillera Administrative Region","domains":["uc-bcf.edu.ph"],"country":"Philippines"},{"web_pages":["http://www.ucv.edu.ph/"],"name":"University of Cagayan Valley","alpha_two_code":"PH","state-province":"Cagayan Valley","domains":["ucv.edu.ph"],"country":"Philippines"},{"web_pages":["http://www.ue.edu.ph/"],"name":"University of the East","alpha_two_code":"PH","state-province":"National Capital Region","domains":["ue.edu.ph"],"country":"Philippines"},{"web_pages":["http://www.uep.educ.ph/"],"name":"University of Eastern Philippines","alpha_two_code":"PH","state-province":"Eastern Visayas","domains":["uep.educ.ph"],"country":"Philippines"},{"web_pages":["http://www.uerm.edu.ph/"],"name":"University of the East, Ramon Magsaysay Memorial Medical Center","alpha_two_code":"PH","state-province":"National Capital Region","domains":["uerm.edu.ph"],"country":"Philippines"},{"web_pages":["http://uic.globe.com.ph/"],"name":"University of the Immaculate Conception","alpha_two_code":"PH","state-province":"Davao","domains":["uic.globe.com.ph"],"country":"Philippines"},{"web_pages":["http://www.ui.phinma.edu.ph/"],"name":"University of lloilo","alpha_two_code":"PH","state-province":"Western Visayas","domains":["ui.phinma.edu.ph"],"country":"Philippines"},{"web_pages":["http://www.umindanao.edu.ph/"],"name":"University of Mindanao","alpha_two_code":"PH","state-province":"Davao","domains":["umindanao.edu.ph"],"country":"Philippines"},{"web_pages":["http://www.unc.edu.ph/"],"name":"University of Nueva Caceres","alpha_two_code":"PH","state-province":"Bicol","domains":["unc.edu.ph"],"country":"Philippines"},{"web_pages":["http://www.unep.edu.ph/"],"name":"University of Northeastern Philippines","alpha_two_code":"PH","state-province":"Bicol Region","domains":["unep.edu.ph"],"country":"Philippines"},{"web_pages":["http://www.universityofbohol.com/"],"name":"University of Bohol","alpha_two_code":"PH","state-province":"Central Visayas","domains":["universityofbohol.com"],"country":"Philippines"},{"web_pages":["http://www.universityofcebu.edu.ph/"],"name":"University of Cebu","alpha_two_code":"PH","state-province":"Central Visayas","domains":["universityofcebu.edu.ph"],"country":"Philippines"},{"web_pages":["http://www.univman.edu.ph/"],"name":"University of Manila","alpha_two_code":"PH","state-province":"National Capital Region","domains":["univman.edu.ph"],"country":"Philippines"},{"web_pages":["http://www.uno-r.edu.ph/"],"name":"University of Negros Occidental-Recoletos","alpha_two_code":"PH","state-province":"Western Visayas","domains":["uno-r.edu.ph"],"country":"Philippines"},{"web_pages":["http://www.unp.edu.ph/"],"name":"University of Northern Philippines","alpha_two_code":"PH","state-province":"Ilocos","domains":["unp.edu.ph"],"country":"Philippines"},{"web_pages":["http://www.upang.edu.ph/"],"name":"University of Pangasinan","alpha_two_code":"PH","state-province":"Ilocos","domains":["upang.edu.ph"],"country":"Philippines"},{"web_pages":["http://www.upb.edu.ph/"],"name":"University of the Philippines Baguio","alpha_two_code":"PH","state-province":"Cordillera Administrative Region","domains":["upb.edu.ph"],"country":"Philippines"},{"web_pages":["http://www.upd.edu.ph/"],"name":"University of the Philippines Diliman","alpha_two_code":"PH","state-province":"National Capital Region","domains":["upd.edu.ph"],"country":"Philippines"},{"web_pages":["http://www.uphighschoolcebu.edu.ph/"],"name":"University of the Philippines Visayas - Cebu High School","alpha_two_code":"PH","state-province":"Central Visayas","domains":["uphighschoolcebu.edu.ph"],"country":"Philippines"},{"web_pages":["http://www.uphr.edu.ph/"],"name":"University of Perpetual Help","alpha_two_code":"PH","state-province":"National Capital Region","domains":["uphr.edu.ph"],"country":"Philippines"},{"web_pages":["http://www.uplb.edu.ph/"],"name":"University of the Philippines Los Banos","alpha_two_code":"PH","state-province":"Calabarzon","domains":["uplb.edu.ph"],"country":"Philippines"},{"web_pages":["http://www.upm.edu.ph/"],"name":"University of the Philippines Manila","alpha_two_code":"PH","state-province":"National Capital Region","domains":["upm.edu.ph"],"country":"Philippines"},{"web_pages":["http://www.upmin.edu.ph/"],"name":"University of the Philippines Mindanao","alpha_two_code":"PH","state-province":"Davao","domains":["upmin.edu.ph"],"country":"Philippines"},{"web_pages":["http://www.upou.org/"],"name":"University of the Philippines Open University","alpha_two_code":"PH","state-province":"Calabarzon","domains":["upou.org"],"country":"Philippines"},{"web_pages":["http://www.upv.edu.ph/"],"name":"University of the Philippines Visayas","alpha_two_code":"PH","state-province":null,"domains":["upv.edu.ph"],"country":"Philippines"},{"web_pages":["http://www.urc.edu.ph/"],"name":"University of Regina Carmeli","alpha_two_code":"PH","state-province":"Central Luzon","domains":["urc.edu.ph"],"country":"Philippines"},{"web_pages":["http://www.usa.edu.ph/"],"name":"University of San Agustin","alpha_two_code":"PH","state-province":"Western Visayas","domains":["usa.edu.ph"],"country":"Philippines"},{"web_pages":["http://www.usc.edu.ph/"],"name":"University of San Carlos","alpha_two_code":"PH","state-province":"Ilocos","domains":["usc.edu.ph"],"country":"Philippines"},{"web_pages":["http://www.usep.edu.ph/"],"name":"University of Southeastern Philippines","alpha_two_code":"PH","state-province":"Davao","domains":["usep.edu.ph"],"country":"Philippines"},{"web_pages":["http://www.usjr.edu.ph/"],"name":"University of San Jose Recoletos","alpha_two_code":"PH","state-province":"Central Visayas","domains":["usjr.edu.ph"],"country":"Philippines"},{"web_pages":["http://www.usls.edu/"],"name":"University of Saint La Salle","alpha_two_code":"PH","state-province":"Western Visayas","domains":["usls.edu"],"country":"Philippines"},{"web_pages":["http://www.usm.edu.ph/"],"name":"University of Southern Mindanao","alpha_two_code":"PH","state-province":"Soccsksargen","domains":["usm.edu.ph"],"country":"Philippines"},{"web_pages":["http://www.usp.ph/"],"name":"University of Southern Philippines Foundation","alpha_two_code":"PH","state-province":"Central Visayas","domains":["usp.ph"],"country":"Philippines"},{"web_pages":["http://www.ust.edu.ph/"],"name":"University of Santo Tomas","alpha_two_code":"PH","state-province":"National Capital Region","domains":["ust.edu.ph"],"country":"Philippines"},{"web_pages":["http://www.uv.edu.ph/"],"name":"University of the Visayas","alpha_two_code":"PH","state-province":"Central Visayas","domains":["uv.edu.ph"],"country":"Philippines"},{"web_pages":["http://www.vmuf.edu.ph/"],"name":"Virgen Milagrosa University Foundation","alpha_two_code":"PH","state-province":"Western Visayas","domains":["vmuf.edu.ph"],"country":"Philippines"},{"web_pages":["http://www.wesleyan.edu.ph/"],"name":"Wesleyan University Philippines","alpha_two_code":"PH","state-province":"Central Luzon","domains":["wesleyan.edu.ph"],"country":"Philippines"},{"web_pages":["http://www.wmsu.edu.ph/"],"name":"Western Mindanao State University","alpha_two_code":"PH","state-province":"Zamboanga Peninsula","domains":["wmsu.edu.ph"],"country":"Philippines"},{"web_pages":["http://www.wvsu.edu.ph/"],"name":"West Visayas State University","alpha_two_code":"PH","state-province":"Western Visayas","domains":["wvsu.edu.ph"],"country":"Philippines"},{"web_pages":["http://www2.mozcom.com/~clsu/"],"name":"Central Luzon State University","alpha_two_code":"PH","state-province":"Central Luzon","domains":["www2.mozcom.com"],"country":"Philippines"},{"web_pages":["http://www.xu.edu.ph/"],"name":"Xavier University","alpha_two_code":"PH","state-province":"National Capital Region","domains":["xu.edu.ph"],"country":"Philippines"},{"name":"Mapúa University","domains":["mymail.mapua.edu.ph","mapua.edu.ph"],"web_pages":["https://mapua.edu.ph"],"country":"Philippines","alpha_two_code":"PH","state-province":null},{"web_pages":["https://www.enderuncolleges.com/"],"name":"Enderun Colleges","alpha_two_code":"PH","state-province":null,"domains":["enderuncolleges.com"],"country":"Philippines"},{"web_pages":["https://ateneo.edu"],"name":"Ateneo de Manila University","alpha_two_code":"PH","state-province":null,"domains":["ateneo.edu"],"country":"Philippines"}]